<map>AOMORI</map>
<map>AOMORI</map>
<weather day=1visibility=20000windX=0windY=0windZ=0<message>** Log-on process completed **</message>
<groundjoin id=65538name=T-80name2=iff=3groID=0>
<groundjoin id=65669name=T-80name2=iff=3groID=0>
<groundjoin id=65672name=T-80name2=iff=3groID=0>
<groundjoin id=65675name=T-80name2=iff=3groID=0>
<groundjoin id=65678name=T-80name2=iff=3groID=0>
<groundjoin id=65681name=T-80name2=iff=3groID=0>
<groundjoin id=65684name=T-64name2=iff=3groID=0>
<groundjoin id=65687name=T-64name2=iff=3groID=0>
<groundjoin id=65690name=T-64name2=iff=3groID=0>
<groundjoin id=65693name=T-64name2=iff=3groID=0>
<groundjoin id=65696name=T-64name2=iff=3groID=0>
<groundjoin id=65699name=T-64name2=iff=3groID=0>
<groundjoin id=65702name=TRUCKname2=iff=3groID=0>
<groundjoin id=65705name=TRUCKname2=iff=3groID=0>
<groundjoin id=65708name=TRUCKname2=iff=3groID=0>
<groundjoin id=65711name=TRUCKname2=iff=3groID=0>
<groundjoin id=65714name=TRUCKname2=iff=3groID=0>
<groundjoin id=65717name=TRUCKname2=iff=3groID=0>
<groundjoin id=65720name=AIRCRAFTCARRIERname2=CARRIER_01iff=0groID=0>
<groundjoin id=65723name=FUEL_TRUCKname2=iff=0groID=0>
<groundjoin id=65726name=FUEL_TRUCKname2=iff=0groID=0>
<groundjoin id=65729name=RADARname2=iff=0groID=0>
<groundjoin id=65732name=RADARBASEname2=iff=0groID=0>
<groundjoin id=65735name=HANGAR1name2=iff=0groID=0>
<groundjoin id=65738name=ILSname2=25-HACHINOHEiff=0groID=0>
<groundjoin id=65741name=ILSname2=07-HACHINOHEiff=0groID=0>
<groundjoin id=65744name=FUEL_TRUCKname2=iff=0groID=0>
<groundjoin id=65747name=FUEL_TRUCKname2=iff=0groID=0>
<groundjoin id=65750name=FUEL_TRUCKname2=iff=0groID=0>
<groundjoin id=65753name=FUEL_TRUCKname2=iff=0groID=0>
<groundjoin id=65756name=FUEL_TRUCKname2=iff=0groID=0>
<groundjoin id=65759name=HANGAR1name2=iff=0groID=0>
<pilotjoin id=66192name=[241ST]SU-27_BLACK_FLANKERname2=[241st]Philsteriff=0>
<groundjoin id=65762name=ALERTname2=ALERTHANGAR2iff=0groID=0>
<groundjoin id=65765name=ALERTname2=ALERTHANGAR1iff=0groID=0>
<groundjoin id=65768name=HANGAR1name2=MAINHANGAR5iff=0groID=0>
<groundjoin id=65771name=HANGAR1name2=MAINHANGAR4iff=0groID=0>
<groundjoin id=65774name=ELEPHANTname2=iff=0groID=0>
<groundjoin id=65777name=ILSname2=28-MISAWAiff=0groID=0>
<groundjoin id=65780name=ILSname2=10-MISAWAiff=0groID=0>
<groundjoin id=65783name=RADARBASEname2=iff=0groID=0>
<groundjoin id=65786name=RADARname2=iff=0groID=0>
<groundjoin id=65789name=VORDMEname2=MISAWAiff=0groID=0>
<groundjoin id=65792name=FUEL_TRUCKname2=iff=0groID=0>
<groundjoin id=65795name=FUEL_TRUCKname2=iff=0groID=0>
<groundjoin id=65798name=[KZS]_T-AAAname2=iff=3groID=0>
<groundjoin id=65801name=[KZS]_T-AAAname2=iff=3groID=0>
<groundjoin id=65804name=[KZS]_T-AAAname2=iff=3groID=0>
<groundjoin id=65807name=[KZS]_T-AAAname2=iff=3groID=0>
<groundjoin id=65810name=[KZS]_T-AAAname2=iff=3groID=0>
<groundjoin id=65822name=ADATSname2=iff=3groID=0>
<groundjoin id=65831name=ADATS-STATICname2=iff=3groID=0>
<groundjoin id=65834name=ADATS-STATICname2=iff=3groID=0>
<groundjoin id=65837name=ADATS-STATICname2=iff=3groID=0>
<groundjoin id=65840name=S-300PMUname2=iff=3groID=0>
<groundjoin id=65843name=S-300PMUname2=iff=3groID=0>
<groundjoin id=65849name=[KZS]_G-AAAname2=iff=3groID=0>
<groundjoin id=65852name=[KZS]_G-AAAname2=iff=3groID=0>
<groundjoin id=65855name=[KZS]_G-AAAname2=iff=3groID=0>
<groundjoin id=65858name=[KZS]_V-AAAname2=iff=3groID=0>
<groundjoin id=65989name=[KZS]_V-AAAname2=iff=3groID=0>
<groundjoin id=65992name=[KZS]_V-AAAname2=iff=3groID=0>
<groundjoin id=65995name=[KZS]_S-AAAname2=iff=3groID=0>
<groundjoin id=65998name=[KZS]_S-AAAname2=iff=3groID=0>
<groundjoin id=66001name=[KZS]_S-AAAname2=iff=3groID=0>
<groundjoin id=66004name=SAMname2=iff=3groID=0>
<groundjoin id=66010name=SAMname2=iff=3groID=0>
<groundjoin id=66016name=T-80name2=iff=3groID=0>
<groundjoin id=66025name=M1A1ABRAMSname2=iff=3groID=0>
<groundjoin id=66028name=M1A1ABRAMSname2=iff=3groID=0>
<groundjoin id=66031name=M60PATTONname2=iff=3groID=0>
<groundjoin id=66034name=M60PATTONname2=iff=3groID=0>
<groundjoin id=66037name=UDALOY_DESTROYERname2=iff=3groID=0>
<groundjoin id=66040name=UDALOY_DESTROYERname2=iff=3groID=0>
<groundjoin id=66043name=UDALOY_DESTROYERname2=iff=3groID=0>
<groundjoin id=66046name=BURKE_DESTROYERname2=iff=3groID=0>
<groundjoin id=66049name=BURKE_DESTROYERname2=iff=3groID=0>
<groundjoin id=66052name=DDname2=iff=3groID=0>
<groundjoin id=66055name=DDname2=iff=3groID=0>
<groundjoin id=66058name=FFGname2=iff=3groID=0>
<groundjoin id=66061name=FFGname2=iff=3groID=0>
<groundjoin id=66064name=AIRCRAFTCARRIER4name2=iff=3groID=0>
<groundjoin id=66067name=AIRCRAFTCARRIER5name2=iff=3groID=0>
<groundjoin id=66070name=ARMED_CARRIERname2=iff=3groID=0>
<groundjoin id=66073name=ARMED_WASPname2=iff=3groID=0>
<groundjoin id=66076name=ARMED_INVINCIBLEname2=iff=3groID=0>
<groundjoin id=66079name=ARMED_HERMESname2=iff=3groID=0>
<groundjoin id=66082name=[KZS]_T-BATTLE_SHIPname2=iff=3groID=0>
<groundjoin id=66085name=[KZS]_T-BATTLE_SHIPname2=iff=3groID=0>
<groundjoin id=66088name=[KZS]_S-BATTLE_SHIP_Aname2=iff=3groID=0>
<groundjoin id=66091name=[KZS]_S-BATTLE_SHIP_Aname2=iff=3groID=0>
<groundjoin id=66094name=[KZS]_S-BATTLE_SHIP_Sname2=iff=3groID=0>
<groundjoin id=66097name=[KZS]_S-BATTLE_SHIP_Sname2=iff=3groID=0>
<groundjoin id=66100name=[KZS]_S-BATTLE_SHIP_ASname2=iff=3groID=0>
<groundjoin id=66103name=[KZS]_S-BATTLE_SHIP_ASname2=iff=3groID=0>
<groundjoin id=66106name=[KZS]_V-BATTLE_SHIPname2=iff=3groID=0>
<groundjoin id=66109name=[KZS]_V-BATTLE_SHIPname2=iff=3groID=0>
<groundjoin id=66112name=[KZS]_V-BATTLE_SHIP_Aname2=iff=3groID=0>
<groundjoin id=66115name=[KZS]_V-BATTLE_SHIP_Aname2=iff=3groID=0>
<groundjoin id=66118name=[KZS]_V-BATTLE_SHIP_Sname2=iff=3groID=0>
<groundjoin id=66121name=[KZS]_V-BATTLE_SHIP_Sname2=iff=3groID=0>
<groundjoin id=66124name=[KZS]_V-BATTLE_SHIP_ASname2=iff=3groID=0>
<groundjoin id=66127name=[KZS]_V-BATTLE_SHIP_ASname2=iff=3groID=0>
<groundjoin id=66130name=NDBname2=OMINATOiff=0groID=0>
<groundjoin id=66133name=AAAname2=iff=3groID=0>
<groundjoin id=66136name=AAAname2=iff=3groID=0>
<groundjoin id=66139name=AAAname2=iff=3groID=0>
<groundjoin id=66142name=AAAname2=iff=3groID=0>
<groundjoin id=66145name=RADARBASEname2=iff=0groID=0>
<groundjoin id=66148name=RADARname2=iff=0groID=0>
<groundjoin id=66151name=VORDMEname2=AOMORIiff=0groID=0>
<map>AOMORI</map>
<weather day=1visibility=20000windX=0windY=0windZ=0killer_id=1killer_type=66192victim_id=0victim_type66004power=1weapon=0shot=11
killer_id=1killer_type=66192victim_id=0victim_type66004power=1weapon=0shot=11
killer_id=1killer_type=66192victim_id=0victim_type66004power=1weapon=0shot=11
<groundLeft id=66004>
<message>** Log-on process completed **</message>
<groundjoin id=65538name=T-80name2=iff=3groID=0>
<groundjoin id=65669name=T-80name2=iff=3groID=0>
<groundjoin id=65672name=T-80name2=iff=3groID=0>
<groundjoin id=65675name=T-80name2=iff=3groID=0>
<groundjoin id=65678name=T-80name2=iff=3groID=0>
<groundjoin id=65681name=T-80name2=iff=3groID=0>
<groundjoin id=65684name=T-64name2=iff=3groID=0>
<groundjoin id=65687name=T-64name2=iff=3groID=0>
<groundjoin id=65690name=T-64name2=iff=3groID=0>
<groundjoin id=65693name=T-64name2=iff=3groID=0>
<groundjoin id=65696name=T-64name2=iff=3groID=0>
<groundjoin id=65699name=T-64name2=iff=3groID=0>
<groundjoin id=65702name=TRUCKname2=iff=3groID=0>
<groundjoin id=65705name=TRUCKname2=iff=3groID=0>
<groundjoin id=65708name=TRUCKname2=iff=3groID=0>
<groundjoin id=65711name=TRUCKname2=iff=3groID=0>
<groundjoin id=65714name=TRUCKname2=iff=3groID=0>
<groundjoin id=65717name=TRUCKname2=iff=3groID=0>
<groundjoin id=65720name=AIRCRAFTCARRIERname2=CARRIER_01iff=0groID=0>
<groundjoin id=65723name=FUEL_TRUCKname2=iff=0groID=0>
<groundjoin id=65726name=FUEL_TRUCKname2=iff=0groID=0>
<groundjoin id=65729name=RADARname2=iff=0groID=0>
<groundjoin id=65732name=RADARBASEname2=iff=0groID=0>
<groundjoin id=65735name=HANGAR1name2=iff=0groID=0>
<groundjoin id=65738name=ILSname2=25-HACHINOHEiff=0groID=0>
<groundjoin id=65741name=ILSname2=07-HACHINOHEiff=0groID=0>
<groundjoin id=65744name=FUEL_TRUCKname2=iff=0groID=0>
<groundjoin id=65747name=FUEL_TRUCKname2=iff=0groID=0>
<groundjoin id=65750name=FUEL_TRUCKname2=iff=0groID=0>
<groundjoin id=65753name=FUEL_TRUCKname2=iff=0groID=0>
<groundjoin id=65756name=FUEL_TRUCKname2=iff=0groID=0>
<groundjoin id=65759name=HANGAR1name2=iff=0groID=0>
<pilotjoin id=66192name=[241ST]SU-27_BLACK_FLANKERname2=[241st]Philsteriff=0>
<groundjoin id=65762name=ALERTname2=ALERTHANGAR2iff=0groID=0>
<groundjoin id=65765name=ALERTname2=ALERTHANGAR1iff=0groID=0>
<groundjoin id=65768name=HANGAR1name2=MAINHANGAR5iff=0groID=0>
<groundjoin id=65771name=HANGAR1name2=MAINHANGAR4iff=0groID=0>
<groundjoin id=65774name=ELEPHANTname2=iff=0groID=0>
<groundjoin id=65777name=ILSname2=28-MISAWAiff=0groID=0>
<groundjoin id=65780name=ILSname2=10-MISAWAiff=0groID=0>
<groundjoin id=65783name=RADARBASEname2=iff=0groID=0>
<groundjoin id=65786name=RADARname2=iff=0groID=0>
<groundjoin id=65789name=VORDMEname2=MISAWAiff=0groID=0>
<groundjoin id=65792name=FUEL_TRUCKname2=iff=0groID=0>
<groundjoin id=65795name=FUEL_TRUCKname2=iff=0groID=0>
<groundjoin id=65798name=[KZS]_T-AAAname2=iff=3groID=0>
<groundjoin id=65801name=[KZS]_T-AAAname2=iff=3groID=0>
<groundjoin id=65804name=[KZS]_T-AAAname2=iff=3groID=0>
<groundjoin id=65807name=[KZS]_T-AAAname2=iff=3groID=0>
<groundjoin id=65810name=[KZS]_T-AAAname2=iff=3groID=0>
<groundjoin id=65822name=ADATSname2=iff=3groID=0>
<groundjoin id=65831name=ADATS-STATICname2=iff=3groID=0>
<groundjoin id=65834name=ADATS-STATICname2=iff=3groID=0>
<groundjoin id=65837name=ADATS-STATICname2=iff=3groID=0>
<groundjoin id=65840name=S-300PMUname2=iff=3groID=0>
<groundjoin id=65843name=S-300PMUname2=iff=3groID=0>
<groundjoin id=65849name=[KZS]_G-AAAname2=iff=3groID=0>
<groundjoin id=65852name=[KZS]_G-AAAname2=iff=3groID=0>
<groundjoin id=65855name=[KZS]_G-AAAname2=iff=3groID=0>
<groundjoin id=65858name=[KZS]_V-AAAname2=iff=3groID=0>
<groundjoin id=65989name=[KZS]_V-AAAname2=iff=3groID=0>
<groundjoin id=65992name=[KZS]_V-AAAname2=iff=3groID=0>
<groundjoin id=65995name=[KZS]_S-AAAname2=iff=3groID=0>
<groundjoin id=65998name=[KZS]_S-AAAname2=iff=3groID=0>
<groundjoin id=66001name=[KZS]_S-AAAname2=iff=3groID=0>
<groundjoin id=66010name=SAMname2=iff=3groID=0>
<groundjoin id=66016name=T-80name2=iff=3groID=0>
<groundjoin id=66025name=M1A1ABRAMSname2=iff=3groID=0>
<groundjoin id=66028name=M1A1ABRAMSname2=iff=3groID=0>
<groundjoin id=66031name=M60PATTONname2=iff=3groID=0>
<groundjoin id=66034name=M60PATTONname2=iff=3groID=0>
<groundjoin id=66037name=UDALOY_DESTROYERname2=iff=3groID=0>
<groundjoin id=66040name=UDALOY_DESTROYERname2=iff=3groID=0>
<groundjoin id=66043name=UDALOY_DESTROYERname2=iff=3groID=0>
<groundjoin id=66046name=BURKE_DESTROYERname2=iff=3groID=0>
<groundjoin id=66049name=BURKE_DESTROYERname2=iff=3groID=0>
<groundjoin id=66052name=DDname2=iff=3groID=0>
<groundjoin id=66055name=DDname2=iff=3groID=0>
<groundjoin id=66058name=FFGname2=iff=3groID=0>
<groundjoin id=66061name=FFGname2=iff=3groID=0>
<groundjoin id=66064name=AIRCRAFTCARRIER4name2=iff=3groID=0>
<groundjoin id=66067name=AIRCRAFTCARRIER5name2=iff=3groID=0>
<groundjoin id=66070name=ARMED_CARRIERname2=iff=3groID=0>
<groundjoin id=66073name=ARMED_WASPname2=iff=3groID=0>
<groundjoin id=66076name=ARMED_INVINCIBLEname2=iff=3groID=0>
<groundjoin id=66079name=ARMED_HERMESname2=iff=3groID=0>
<groundjoin id=66082name=[KZS]_T-BATTLE_SHIPname2=iff=3groID=0>
<groundjoin id=66085name=[KZS]_T-BATTLE_SHIPname2=iff=3groID=0>
<groundjoin id=66088name=[KZS]_S-BATTLE_SHIP_Aname2=iff=3groID=0>
<groundjoin id=66091name=[KZS]_S-BATTLE_SHIP_Aname2=iff=3groID=0>
<groundjoin id=66094name=[KZS]_S-BATTLE_SHIP_Sname2=iff=3groID=0>
<groundjoin id=66097name=[KZS]_S-BATTLE_SHIP_Sname2=iff=3groID=0>
<groundjoin id=66100name=[KZS]_S-BATTLE_SHIP_ASname2=iff=3groID=0>
<groundjoin id=66103name=[KZS]_S-BATTLE_SHIP_ASname2=iff=3groID=0>
<groundjoin id=66106name=[KZS]_V-BATTLE_SHIPname2=iff=3groID=0>
<groundjoin id=66109name=[KZS]_V-BATTLE_SHIPname2=iff=3groID=0>
<groundjoin id=66112name=[KZS]_V-BATTLE_SHIP_Aname2=iff=3groID=0>
<groundjoin id=66115name=[KZS]_V-BATTLE_SHIP_Aname2=iff=3groID=0>
<groundjoin id=66118name=[KZS]_V-BATTLE_SHIP_Sname2=iff=3groID=0>
<groundjoin id=66121name=[KZS]_V-BATTLE_SHIP_Sname2=iff=3groID=0>
<groundjoin id=66124name=[KZS]_V-BATTLE_SHIP_ASname2=iff=3groID=0>
<groundjoin id=66127name=[KZS]_V-BATTLE_SHIP_ASname2=iff=3groID=0>
<groundjoin id=66130name=NDBname2=OMINATOiff=0groID=0>
<groundjoin id=66133name=AAAname2=iff=3groID=0>
<groundjoin id=66136name=AAAname2=iff=3groID=0>
<groundjoin id=66139name=AAAname2=iff=3groID=0>
<groundjoin id=66142name=AAAname2=iff=3groID=0>
<groundjoin id=66145name=RADARBASEname2=iff=0groID=0>
<groundjoin id=66148name=RADARname2=iff=0groID=0>
<groundjoin id=66151name=VORDMEname2=AOMORIiff=0groID=0>
killer_id=1killer_type=66192victim_id=0victim_type66028power=1weapon=0shot=11
killer_id=1killer_type=66192victim_id=0victim_type66028power=1weapon=0shot=11
killer_id=1killer_type=66192victim_id=0victim_type66028power=1weapon=0shot=11
killer_id=1killer_type=66192victim_id=0victim_type66028power=1weapon=0shot=11
<groundLeft id=66028>
killer_id=1killer_type=66192victim_id=0victim_type66028power=1weapon=0shot=11
killer_id=1killer_type=66192victim_id=0victim_type66028power=1weapon=0shot=11
killer_id=1killer_type=66192victim_id=0victim_type66028power=1weapon=0shot=11
killer_id=1killer_type=66192victim_id=0victim_type66028power=1weapon=0shot=11
killer_id=1killer_type=66192victim_id=0victim_type66028power=1weapon=0shot=11
killer_id=1killer_type=66192victim_id=0victim_type66028power=1weapon=0shot=11
<message>(vins)hello</message>
killer_id=1killer_type=66192victim_id=0victim_type66010power=1weapon=0shot=11
killer_id=1killer_type=66192victim_id=0victim_type66010power=1weapon=0shot=11
killer_id=1killer_type=66192victim_id=0victim_type66010power=1weapon=0shot=11
<groundLeft id=66010>
killer_id=1killer_type=66192victim_id=0victim_type66025power=1weapon=0shot=11
killer_id=1killer_type=66192victim_id=0victim_type66025power=1weapon=0shot=11
killer_id=1killer_type=66192victim_id=0victim_type66025power=1weapon=0shot=11
killer_id=1killer_type=66192victim_id=0victim_type66025power=1weapon=0shot=11
killer_id=1killer_type=66192victim_id=0victim_type66025power=1weapon=0shot=11
killer_id=1killer_type=66192victim_id=0victim_type66025power=1weapon=0shot=11
killer_id=1killer_type=66192victim_id=0victim_type66025power=1weapon=0shot=11
<groundLeft id=66025>
killer_id=1killer_type=66192victim_id=0victim_type65843power=1weapon=0shot=11
killer_id=1killer_type=66192victim_id=0victim_type65843power=1weapon=0shot=11
killer_id=1killer_type=66192victim_id=0victim_type65843power=1weapon=0shot=11
killer_id=1killer_type=66192victim_id=0victim_type65843power=1weapon=0shot=11
<groundLeft id=65843>
killer_id=1killer_type=66192victim_id=0victim_type65843power=1weapon=0shot=11
killer_id=0killer_type=65849victim_id=1victim_type66192power=1weapon=0shot=11
<message>nameless took off (SU-25_FROGFOOT)</message>
<pilotjoin id=66195name=SU-25_FROGFOOTname2=namelessiff=1>
killer_id=0killer_type=65852victim_id=1victim_type66192power=1weapon=0shot=11
<message>vins took off (F-18E_SUPERHORNET)</message>
<pilotjoin id=66198name=F-18E_SUPERHORNETname2=vinsiff=1>
killer_id=0killer_type=65852victim_id=1victim_type66192power=1weapon=0shot=11
killer_id=1killer_type=66192victim_id=0victim_type65840power=1weapon=0shot=11
killer_id=1killer_type=66192victim_id=0victim_type65840power=1weapon=0shot=11
killer_id=1killer_type=66192victim_id=0victim_type65840power=1weapon=0shot=11
killer_id=1killer_type=66192victim_id=0victim_type65840power=1weapon=0shot=11
<groundLeft id=65840>
<message>(nameless)hey ho is the plane behind me!!!</message>
killer_id=1killer_type=66192victim_id=0victim_type66016power=1weapon=0shot=11
killer_id=1killer_type=66192victim_id=0victim_type66016power=1weapon=0shot=11
killer_id=1killer_type=66192victim_id=0victim_type66016power=1weapon=0shot=11
killer_id=1killer_type=66192victim_id=0victim_type66016power=1weapon=0shot=11
killer_id=1killer_type=66192victim_id=0victim_type66016power=1weapon=0shot=11
killer_id=1killer_type=66192victim_id=0victim_type66016power=1weapon=0shot=11
<groundLeft id=66016>
<pilotLeft id=66192>
<message>[241st]Philster has left the airplane.</message>
<pilotLeft id=66192>
<message>[241st]Philster took off ([241ST]SU-27_BLACK_FLANKER)</message>
<pilotjoin id=66201name=[241ST]SU-27_BLACK_FLANKERname2=[241st]Philsteriff=0>
<message>([241st]Philster)Gah</message>
<message>([241st]Philster)Crashed into the ground.</message>
<message>nameless has left the airplane.</message>
<pilotLeft id=66195>
<message>(vins)Goodmorning nameless</message>
<pilotLeft id=66195>
<message>nameless took off (A-6_INTRUDER)</message>
<pilotjoin id=66204name=A-6_INTRUDERname2=namelessiff=1>
<message>(nameless)godmorning</message>
<message>(vins)how is it going Philster ?</message>
<message>(nameless)ho realy are you</message>
<message>([241st]Philster)Fine.</message>
<message>vins has left the airplane.</message>
<pilotLeft id=66198>
<message>([241st]Philster)Attacking ground targets.</message>
<message>(vins)I thought there were much more ground targets here</message>
<message>(vins)I must have copy/paste the wrong .fld</message>
<message>([241st]Philster)Think someone might have cleared some before me.</message>
<message>(nameless)be carefull no to be lock on.</message>
killer_id=0killer_type=65855victim_id=1victim_type66201power=1weapon=0shot=11
killer_id=0killer_type=65852victim_id=1victim_type66201power=1weapon=0shot=11
killer_id=0killer_type=65855victim_id=1victim_type66201power=1weapon=0shot=11
killer_id=0killer_type=65849victim_id=1victim_type66201power=1weapon=0shot=11
<message>(vins)There were nobody before you</message>
killer_id=0killer_type=65849victim_id=1victim_type66201power=1weapon=0shot=11
killer_id=0killer_type=65855victim_id=1victim_type66201power=1weapon=0shot=11
<message>vins took off (F-18E_SUPERHORNET)</message>
<pilotjoin id=66207name=F-18E_SUPERHORNETname2=vinsiff=0>
killer_id=0killer_type=65849victim_id=1victim_type66201power=1weapon=0shot=11
killer_id=0killer_type=65855victim_id=1victim_type66201power=1weapon=0shot=11
killer_id=0killer_type=65855victim_id=1victim_type66201power=1weapon=0shot=11
killer_id=0killer_type=65855victim_id=1victim_type66201power=1weapon=0shot=11
killer_id=0killer_type=65855victim_id=1victim_type66201power=1weapon=0shot=11
killer_id=0killer_type=65855victim_id=1victim_type66201power=1weapon=0shot=11
killer_id=0killer_type=65852victim_id=1victim_type66201power=1weapon=0shot=11
killer_id=0killer_type=65855victim_id=1victim_type66201power=1weapon=0shot=11
killer_id=0killer_type=65855victim_id=1victim_type66201power=1weapon=0shot=11
<message>[241st]Philster has left the airplane.</message>
<pilotLeft id=66201>
<message>[241st]Philster took off ([241ST]SU-27_BLACK_FLANKER)</message>
<pilotjoin id=66210name=[241ST]SU-27_BLACK_FLANKERname2=[241st]Philsteriff=0>
<message>([241st]Philster)oh</message>
<message>vins has left the airplane.</message>
<pilotLeft id=66207>
<message>vins took off (F-18E_SUPERHORNET)</message>
<pilotjoin id=66213name=F-18E_SUPERHORNETname2=vinsiff=0>
<message>(nameless)both were are you</message>
<message>vins has left the airplane.</message>
<pilotLeft id=66213>
<message>vins took off (F-18E_SUPERHORNET)</message>
<pilotjoin id=66216name=F-18E_SUPERHORNETname2=vinsiff=0>
<message>(vins)hashinoe</message>
<message>nameless has left the airplane.</message>
<pilotLeft id=66204>
<message>nameless took off (A-6_INTRUDER)</message>
<pilotjoin id=66219name=A-6_INTRUDERname2=namelessiff=1>
<message>nameless has left the airplane.</message>
<pilotLeft id=66219>
<message>(vins)I'll have to start cooking within 15 min</message>
<message>nameless took off (AV-8B_HARRIER)</message>
<pilotjoin id=66222name=AV-8B_HARRIERname2=namelessiff=1>
killer_id=1killer_type=66210victim_id=0victim_type65822power=1weapon=0shot=11
killer_id=1killer_type=66210victim_id=0victim_type65822power=1weapon=0shot=11
killer_id=1killer_type=66210victim_id=0victim_type65822power=1weapon=0shot=11
killer_id=1killer_type=66210victim_id=0victim_type65822power=1weapon=0shot=11
killer_id=1killer_type=66210victim_id=0victim_type65822power=1weapon=0shot=11
killer_id=1killer_type=66210victim_id=0victim_type65822power=1weapon=0shot=11
<groundLeft id=65822>
killer_id=1killer_type=66210victim_id=0victim_type65822power=1weapon=0shot=11
<message>nameless has left the airplane.</message>
<pilotLeft id=66222>
killer_id=1killer_type=66210victim_id=0victim_type65837power=1weapon=0shot=11
killer_id=1killer_type=66210victim_id=0victim_type65837power=1weapon=0shot=11
killer_id=1killer_type=66210victim_id=0victim_type65837power=1weapon=0shot=11
killer_id=1killer_type=66210victim_id=0victim_type65837power=1weapon=0shot=11
killer_id=1killer_type=66210victim_id=0victim_type65837power=1weapon=0shot=11
killer_id=1killer_type=66210victim_id=0victim_type65837power=1weapon=0shot=11
killer_id=1killer_type=66210victim_id=0victim_type65837power=1weapon=0shot=11
killer_id=1killer_type=66210victim_id=0victim_type65837power=1weapon=0shot=11
killer_id=1killer_type=66210victim_id=0victim_type65837power=1weapon=0shot=11
killer_id=1killer_type=66210victim_id=0victim_type65837power=1weapon=0shot=11
killer_id=1killer_type=66210victim_id=0victim_type65837power=1weapon=0shot=11
killer_id=1killer_type=66210victim_id=0victim_type65837power=1weapon=0shot=11
killer_id=1killer_type=66210victim_id=0victim_type65837power=1weapon=0shot=11
killer_id=1killer_type=66210victim_id=0victim_type65837power=1weapon=0shot=11
<message>nameless took off (A-10A_THUNDERBOLT2)</message>
<pilotjoin id=66225name=A-10A_THUNDERBOLT2name2=namelessiff=0>
<groundLeft id=65837>
<pilotjoin id=66225name=A-10A_THUNDERBOLT2name2=namelessiff=0>
<message>(vins)doesn't seem an exiting day</message>
<message>(nameless)realle</message>
killer_id=0killer_type=65834victim_id=1victim_type66210power=1weapon=0shot=11
killer_id=1killer_type=66210victim_id=0victim_type66031power=1weapon=0shot=11
killer_id=1killer_type=66210victim_id=0victim_type66031power=1weapon=0shot=11
killer_id=1killer_type=66210victim_id=0victim_type66031power=1weapon=0shot=11
killer_id=1killer_type=66210victim_id=0victim_type66031power=1weapon=0shot=11
killer_id=1killer_type=66210victim_id=0victim_type66031power=1weapon=0shot=11
killer_id=1killer_type=66210victim_id=0victim_type66031power=1weapon=0shot=11
killer_id=1killer_type=66210victim_id=0victim_type66031power=1weapon=0shot=11
<groundLeft id=66031>
killer_id=1killer_type=66210victim_id=0victim_type66031power=1weapon=0shot=11
killer_id=0killer_type=65834victim_id=1victim_type66210power=1weapon=0shot=11
killer_id=0killer_type=65834victim_id=1victim_type66210power=1weapon=0shot=11
killer_id=1killer_type=66210victim_id=0victim_type65834power=1weapon=0shot=11
killer_id=1killer_type=66210victim_id=0victim_type65834power=1weapon=0shot=11
killer_id=1killer_type=66210victim_id=0victim_type65834power=1weapon=0shot=11
killer_id=1killer_type=66210victim_id=0victim_type65834power=1weapon=0shot=11
killer_id=1killer_type=66210victim_id=0victim_type65834power=1weapon=0shot=11
killer_id=1killer_type=66210victim_id=0victim_type65834power=1weapon=0shot=11
killer_id=1killer_type=66210victim_id=0victim_type65834power=1weapon=0shot=11
killer_id=1killer_type=66210victim_id=0victim_type65834power=1weapon=0shot=11
killer_id=1killer_type=66210victim_id=0victim_type65834power=1weapon=0shot=11
killer_id=1killer_type=66210victim_id=0victim_type65834power=1weapon=0shot=11
killer_id=1killer_type=66210victim_id=0victim_type65834power=1weapon=0shot=11
killer_id=1killer_type=66210victim_id=0victim_type65834power=1weapon=0shot=11
killer_id=1killer_type=66210victim_id=0victim_type65834power=1weapon=0shot=11
<groundLeft id=65834>
killer_id=1killer_type=66210victim_id=0victim_type65834power=1weapon=0shot=11
killer_id=1killer_type=66210victim_id=0victim_type65834power=1weapon=0shot=11
killer_id=1killer_type=66210victim_id=0victim_type65834power=1weapon=0shot=11
killer_id=1killer_type=66210victim_id=0victim_type65834power=1weapon=0shot=11
<message>[241st]Philster has left the airplane.</message>
<pilotLeft id=66210>
<message>[241st]Philster took off ([241ST]SU-27_BLACK_FLANKER)</message>
<pilotjoin id=66228name=[241ST]SU-27_BLACK_FLANKERname2=[241st]Philsteriff=0>
killer_id=0killer_type=66058victim_id=1victim_type66216power=1weapon=0shot=11
killer_id=0killer_type=66052victim_id=1victim_type66216power=1weapon=0shot=11
<message>nameless has left the airplane.</message>
<pilotLeft id=66225>
killer_id=0killer_type=66115victim_id=1victim_type66216power=1weapon=0shot=11
killer_id=0killer_type=66112victim_id=1victim_type66216power=1weapon=0shot=11
killer_id=0killer_type=66112victim_id=1victim_type66216power=1weapon=0shot=11
killer_id=0killer_type=66112victim_id=1victim_type66216power=1weapon=0shot=11
killer_id=0killer_type=66115victim_id=1victim_type66216power=1weapon=0shot=11
killer_id=0killer_type=66115victim_id=1victim_type66216power=1weapon=0shot=11
killer_id=0killer_type=66115victim_id=1victim_type66216power=1weapon=0shot=11
killer_id=0killer_type=66115victim_id=1victim_type66216power=1weapon=0shot=11
killer_id=0killer_type=66115victim_id=1victim_type66216power=1weapon=0shot=11
killer_id=0killer_type=66115victim_id=1victim_type66216power=1weapon=0shot=11
<message>vins has left the airplane.</message>
<pilotLeft id=66216>
<message>nameless took off (SU-27_FLANKER)</message>
<pilotjoin id=66231name=SU-27_FLANKERname2=namelessiff=2>
<message>(vins)destroyers over there</message>
<message>([241st]Philster)Rgr</message>
<message>(nameless)you to are grea.</message>
<message>nameless has left the airplane.</message>
<pilotLeft id=66231>
killer_id=0killer_type=65831victim_id=1victim_type66228power=1weapon=0shot=11
killer_id=0killer_type=65831victim_id=1victim_type66228power=1weapon=0shot=11
killer_id=0killer_type=65831victim_id=1victim_type66228power=1weapon=0shot=11
<message>[241st]Philster has left the airplane.</message>
<pilotLeft id=66228>
<message>[241st]Philster took off ([241ST]SU-27_BLACK_FLANKER)</message>
<pilotjoin id=66234name=[241ST]SU-27_BLACK_FLANKERname2=[241st]Philsteriff=0>
killer_id=0killer_type=65831victim_id=1victim_type66234power=1weapon=0shot=11
killer_id=0killer_type=65831victim_id=1victim_type66234power=1weapon=0shot=11
killer_id=1killer_type=66234victim_id=0victim_type66034power=12weapon=2shot=10
<groundLeft id=66034>
killer_id=1killer_type=66234victim_id=0victim_type65831power=12weapon=2shot=10
<groundLeft id=65831>
killer_id=0killer_type=65831victim_id=1victim_type66234power=1weapon=0shot=11
killer_id=0killer_type=66055victim_id=1victim_type66234power=12weapon=0shot=10
<message>[241st]Philster has left the airplane.</message>
<pilotLeft id=66234>
<message>[241st]Philster took off ([241ST]SU-27_BLACK_FLANKER)</message>
<pilotjoin id=66269name=[241ST]SU-27_BLACK_FLANKERname2=[241st]Philsteriff=0>
<pilotjoin id=66269name=[241ST]SU-27_BLACK_FLANKERname2=[241st]Philsteriff=0>
killer_id=0killer_type=66052victim_id=1victim_type66269power=1weapon=0shot=10
killer_id=1killer_type=66269victim_id=0victim_type66055power=10weapon=4shot=10
killer_id=1killer_type=66269victim_id=0victim_type66055power=6weapon=4shot=12
killer_id=1killer_type=66269victim_id=0victim_type66055power=10weapon=4shot=10
killer_id=1killer_type=66269victim_id=0victim_type66055power=3weapon=4shot=12
killer_id=0killer_type=66097victim_id=0victim_type66064power=12weapon=0shot=10
killer_id=0killer_type=66055victim_id=1victim_type66269power=1weapon=0shot=11
killer_id=0killer_type=66055victim_id=1victim_type66269power=1weapon=0shot=11
killer_id=0killer_type=66055victim_id=1victim_type66269power=1weapon=0shot=11
killer_id=1killer_type=66269victim_id=0victim_type66052power=10weapon=4shot=10
killer_id=1killer_type=66269victim_id=0victim_type66052power=3weapon=4shot=12
killer_id=1killer_type=66269victim_id=0victim_type66052power=10weapon=4shot=10
killer_id=1killer_type=66269victim_id=0victim_type66052power=5weapon=4shot=12
killer_id=0killer_type=66055victim_id=1victim_type66269power=1weapon=0shot=11
killer_id=0killer_type=66055victim_id=1victim_type66269power=1weapon=0shot=11
killer_id=1killer_type=66269victim_id=0victim_type66052power=10weapon=4shot=10
killer_id=1killer_type=66269victim_id=0victim_type66052power=4weapon=4shot=12
killer_id=0killer_type=66052victim_id=1victim_type66269power=1weapon=0shot=11
killer_id=0killer_type=66055victim_id=1victim_type66269power=1weapon=0shot=11
killer_id=1killer_type=66269victim_id=0victim_type66052power=10weapon=4shot=10
killer_id=1killer_type=66269victim_id=0victim_type66052power=4weapon=4shot=12
<message>[241st]Philster has left the airplane.</message>
<pilotLeft id=66269>
killer_id=0killer_type=66097victim_id=0victim_type66073power=12weapon=0shot=10
killer_id=0killer_type=66094victim_id=0victim_type66070power=12weapon=0shot=10
<message>[241st]Philster took off ([241ST]F-111_AARDVARK_HEAVY)</message>
<pilotjoin id=66272name=[241ST]F-111_AARDVARK_HEAVYname2=[241st]Philsteriff=0>
<pilotjoin id=66272name=[241ST]F-111_AARDVARK_HEAVYname2=[241st]Philsteriff=0>
<pilotjoin id=66272name=[241ST]F-111_AARDVARK_HEAVYname2=[241st]Philsteriff=0>
killer_id=0killer_type=66055victim_id=1victim_type66272power=1weapon=0shot=11
killer_id=1killer_type=66272victim_id=0victim_type66055power=50weapon=3shot=11
killer_id=1killer_type=66272victim_id=0victim_type66055power=42weapon=3shot=12
killer_id=1killer_type=66272victim_id=0victim_type66052power=50weapon=3shot=11
killer_id=1killer_type=66272victim_id=0victim_type66052power=22weapon=3shot=12
killer_id=0killer_type=66127victim_id=1victim_type66272power=12weapon=0shot=10
<message>[241st]Philster has left the airplane.</message>
<pilotLeft id=66272>
<pilotLeft id=66272>
<pilotLeft id=66272>
<pilotLeft id=66272>
<message>([241st]Philster)The ships are nearly invisible.</message>
<message>[241st]Philster took off ([241ST]F-111_AARDVARK_HEAVY)</message>
<pilotjoin id=66275name=[241ST]F-111_AARDVARK_HEAVYname2=[241st]Philsteriff=0>
killer_id=0killer_type=66055victim_id=1victim_type66275power=1weapon=0shot=11
killer_id=0killer_type=66052victim_id=1victim_type66275power=1weapon=0shot=11
killer_id=1killer_type=66275victim_id=0victim_type66055power=13weapon=3shot=12
killer_id=1killer_type=66275victim_id=0victim_type66055power=5weapon=3shot=12
killer_id=1killer_type=66275victim_id=0victim_type66055power=50weapon=3shot=11
<pilotLeft id=66275>
<groundLeft id=66055>
killer_id=1killer_type=66275victim_id=0victim_type66052power=50weapon=3shot=11
<groundLeft id=66052>
<message>[241st]Philster has left the airplane.</message>
<pilotLeft id=66275>
<message>[241st]Philster took off ([241ST]F-111_AARDVARK_HEAVY)</message>
<pilotjoin id=66278name=[241ST]F-111_AARDVARK_HEAVYname2=[241st]Philsteriff=0>
killer_id=1killer_type=66278victim_id=0victim_type66076power=50weapon=3shot=11
killer_id=1killer_type=66278victim_id=0victim_type66076power=36weapon=3shot=12
killer_id=1killer_type=66278victim_id=0victim_type66076power=50weapon=3shot=11
killer_id=1killer_type=66278victim_id=0victim_type66076power=32weapon=3shot=12
<groundLeft id=66076>
killer_id=1killer_type=66278victim_id=0victim_type66076power=50weapon=3shot=11
killer_id=1killer_type=66278victim_id=0victim_type66076power=43weapon=3shot=12
killer_id=1killer_type=66278victim_id=0victim_type66076power=50weapon=3shot=11
killer_id=1killer_type=66278victim_id=0victim_type66070power=50weapon=3shot=11
killer_id=1killer_type=66278victim_id=0victim_type66070power=39weapon=3shot=12
killer_id=1killer_type=66278victim_id=0victim_type66070power=50weapon=3shot=11
killer_id=1killer_type=66278victim_id=0victim_type66070power=26weapon=3shot=12
killer_id=1killer_type=66278victim_id=0victim_type66070power=50weapon=3shot=11
killer_id=1killer_type=66278victim_id=0victim_type66070power=35weapon=3shot=12
<groundLeft id=66070>
killer_id=1killer_type=66278victim_id=0victim_type66073power=50weapon=3shot=11
killer_id=1killer_type=66278victim_id=0victim_type66073power=35weapon=3shot=12
<groundLeft id=66073>
killer_id=1killer_type=66278victim_id=0victim_type66073power=50weapon=3shot=11
killer_id=1killer_type=66278victim_id=0victim_type66073power=28weapon=3shot=12
killer_id=1killer_type=66278victim_id=0victim_type66073power=50weapon=3shot=11
killer_id=0killer_type=66058victim_id=1victim_type66278power=1weapon=0shot=11
killer_id=0killer_type=66058victim_id=1victim_type66278power=1weapon=0shot=11
killer_id=0killer_type=66058victim_id=1victim_type66278power=1weapon=0shot=11
killer_id=0killer_type=66058victim_id=1victim_type66278power=1weapon=0shot=11
killer_id=1killer_type=66278victim_id=0victim_type66058power=7weapon=3shot=12
killer_id=1killer_type=66278victim_id=0victim_type66061power=50weapon=3shot=11
killer_id=1killer_type=66278victim_id=0victim_type66061power=38weapon=3shot=12
killer_id=1killer_type=66278victim_id=0victim_type66061power=50weapon=3shot=11
killer_id=1killer_type=66278victim_id=0victim_type66061power=49weapon=3shot=12
<groundLeft id=66061>
<message>Pablo took off (A-4_SKYHAWK)</message>
<pilotjoin id=66281name=A-4_SKYHAWKname2=Pabloiff=1>
<message>Pablo has left the airplane.</message>
<pilotLeft id=66281>
<message>[241st]Philster has left the airplane.</message>
<pilotLeft id=66278>
<message>Pablo took off (F-15DJ_EAGLE)</message>
<pilotjoin id=66284name=F-15DJ_EAGLEname2=Pabloiff=1>
<message>[241st]Philster took off ([241ST]SU-27_BLACK_FLANKER)</message>
<pilotjoin id=66287name=[241ST]SU-27_BLACK_FLANKERname2=[241st]Philsteriff=0>
<message>(Pablo)Hello</message>
<message>([241st]Philster)Hey.</message>
<message>(Pablo)ho are you omg..please..</message>
<message>([241st]Philster)?</message>
<message>(Pablo)is a great day </message>
killer_id=0killer_type=66058victim_id=1victim_type66287power=1weapon=0shot=11
killer_id=1killer_type=66287victim_id=0victim_type66058power=2weapon=4shot=12
killer_id=1killer_type=66287victim_id=0victim_type66058power=10weapon=4shot=10
killer_id=1killer_type=66287victim_id=0victim_type66058power=8weapon=4shot=12
killer_id=1killer_type=66287victim_id=0victim_type66058power=10weapon=4shot=10
killer_id=1killer_type=66287victim_id=0victim_type66058power=6weapon=4shot=12
killer_id=1killer_type=66287victim_id=0victim_type66058power=10weapon=4shot=10
killer_id=1killer_type=66287victim_id=0victim_type66058power=5weapon=4shot=12
killer_id=0killer_type=66040victim_id=1victim_type66287power=1weapon=0shot=10
killer_id=0killer_type=66037victim_id=1victim_type66287power=1weapon=0shot=10
<message>[241st]Philster has left the airplane.</message>
<pilotLeft id=66287>
<pilotLeft id=66284>
killer_id=1killer_type=66287victim_id=0victim_type66058power=13weapon=3shot=12
killer_id=1killer_type=66287victim_id=0victim_type66058power=15weapon=3shot=12
<message>Pablo has left the airplane.</message>
<pilotLeft id=66284>
<message>Pablo took off (F-15DJ_EAGLE)</message>
<pilotjoin id=66290name=F-15DJ_EAGLEname2=Pabloiff=1>
<message>(Pablo)look out!!!!!!!! misiles!!!!!!!!!!!!!</message>
<message>[241st]Philster took off ([241ST]F-111_AARDVARK_HEAVY)</message>
<pilotjoin id=66293name=[241ST]F-111_AARDVARK_HEAVYname2=[241st]Philsteriff=0>
<message>([241st]Philster)Yeah, bombs are best for these ships.</message>
<message>(Pablo)i think the best thin to destroy a ship is terrain misile.</message>
<message>([241st]Philster)Bombs.</message>
<message>([241st]Philster)I usually use rockets.</message>
<message>([241st]Philster)But some of these are way too strong.</message>
<groundLeft id=66058>
killer_id=1killer_type=66293victim_id=0victim_type66058power=50weapon=3shot=11
<groundLeft id=66058>
killer_id=1killer_type=66293victim_id=0victim_type66064power=50weapon=3shot=11
killer_id=1killer_type=66293victim_id=0victim_type66064power=32weapon=3shot=12
killer_id=1killer_type=66293victim_id=0victim_type66064power=50weapon=3shot=11
killer_id=1killer_type=66293victim_id=0victim_type66064power=39weapon=3shot=12
killer_id=1killer_type=66293victim_id=0victim_type66079power=50weapon=3shot=11
killer_id=1killer_type=66293victim_id=0victim_type66079power=27weapon=3shot=12
killer_id=1killer_type=66293victim_id=0victim_type66079power=50weapon=3shot=11
killer_id=1killer_type=66293victim_id=0victim_type66079power=30weapon=3shot=12
killer_id=1killer_type=66293victim_id=0victim_type66079power=50weapon=3shot=11
killer_id=1killer_type=66293victim_id=0victim_type66079power=28weapon=3shot=12
<groundLeft id=66079>
killer_id=1killer_type=66293victim_id=0victim_type66079power=50weapon=3shot=11
killer_id=1killer_type=66293victim_id=0victim_type66079power=27weapon=3shot=12
<message>(Pablo)do you  now how to destroy a rocket louncher.</message>
killer_id=1killer_type=66293victim_id=0victim_type66067power=50weapon=3shot=11
<groundLeft id=66067>
<message>(Pablo)there the most hard to destroyd.</message>
killer_id=0killer_type=66040victim_id=1victim_type66293power=1weapon=0shot=10
killer_id=0killer_type=66037victim_id=1victim_type66293power=1weapon=0shot=10
killer_id=0killer_type=66043victim_id=1victim_type66293power=1weapon=0shot=10
<message>[241st]Philster has left the airplane.</message>
<pilotLeft id=66293>
<message>(Pablo)realy</message>
<message>([241st]Philster)You mean sams?</message>
<message>(Pablo)yes sams </message>
<message>([241st]Philster)The stocks ones are easy.</message>
<message>[241st]Philster took off ([241ST]SU-27_BLACK_FLANKER)</message>
<pilotjoin id=66296name=[241ST]SU-27_BLACK_FLANKERname2=[241st]Philsteriff=0>
<message>([241st]Philster)Very easy.</message>
<message>(Pablo)if you have a better aim.</message>
<message>([241st]Philster)I just take them out with guns.</message>
<message>(Pablo)MISILES!!!!!!!!!!!!!!!!!!!!!!!!</message>
killer_id=0killer_type=66046victim_id=1victim_type66290power=4weapon=0shot=10
<message>Pablo has left the airplane.</message>
<pilotLeft id=66290>
<message>Pablo took off (F-15J_EAGLE)</message>
<pilotjoin id=66299name=F-15J_EAGLEname2=Pabloiff=1>
killer_id=1killer_type=66296victim_id=0victim_type66046power=10weapon=4shot=10
killer_id=1killer_type=66296victim_id=0victim_type66046power=2weapon=4shot=12
<groundLeft id=66046>
killer_id=1killer_type=66296victim_id=0victim_type66046power=10weapon=4shot=10
<message>([241st]Philster)Oh, burkes.</message>
<message>(Pablo)lok out ! misiles in your way!!!!!!!!!!!!!!!!!</message>
killer_id=1killer_type=66296victim_id=0victim_type66049power=10weapon=4shot=10
killer_id=1killer_type=66296victim_id=0victim_type66049power=4weapon=4shot=12
<groundLeft id=66049>
killer_id=1killer_type=66296victim_id=0victim_type66037power=10weapon=4shot=10
killer_id=1killer_type=66296victim_id=0victim_type66037power=6weapon=4shot=12
<groundLeft id=66037>
killer_id=1killer_type=66296victim_id=0victim_type66043power=10weapon=4shot=10
killer_id=1killer_type=66296victim_id=0victim_type66043power=5weapon=4shot=12
<groundLeft id=66043>
killer_id=1killer_type=66296victim_id=0victim_type66043power=10weapon=4shot=10
<message>(Pablo)i really need to be carefull were i am goiong</message>
killer_id=0killer_type=66040victim_id=1victim_type66296power=1weapon=0shot=10
killer_id=1killer_type=66296victim_id=0victim_type66040power=10weapon=4shot=10
killer_id=1killer_type=66296victim_id=0victim_type66040power=6weapon=4shot=12
killer_id=1killer_type=66296victim_id=0victim_type66040power=10weapon=4shot=10
<groundLeft id=66040>
killer_id=0killer_type=66040victim_id=1victim_type66296power=1weapon=0shot=10
<message>Pablo has left the airplane.</message>
<pilotLeft id=66299>
killer_id=1killer_type=66296victim_id=0victim_type66064power=10weapon=4shot=10
killer_id=1killer_type=66296victim_id=0victim_type66064power=4weapon=4shot=12
killer_id=1killer_type=66296victim_id=0victim_type66064power=10weapon=4shot=10
killer_id=1killer_type=66296victim_id=0victim_type66064power=4weapon=4shot=12
killer_id=1killer_type=66296victim_id=0victim_type66064power=10weapon=4shot=10
killer_id=1killer_type=66296victim_id=0victim_type66064power=4weapon=4shot=12
killer_id=1killer_type=66296victim_id=0victim_type66064power=10weapon=4shot=10
killer_id=1killer_type=66296victim_id=0victim_type66064power=4weapon=4shot=12
killer_id=1killer_type=66296victim_id=0victim_type66064power=10weapon=4shot=10
killer_id=1killer_type=66296victim_id=0victim_type66064power=2weapon=4shot=12
killer_id=1killer_type=66296victim_id=0victim_type66064power=10weapon=4shot=10
killer_id=1killer_type=66296victim_id=0victim_type66064power=2weapon=4shot=12
killer_id=1killer_type=66296victim_id=0victim_type66064power=10weapon=4shot=10
killer_id=1killer_type=66296victim_id=0victim_type66064power=10weapon=4shot=10
killer_id=1killer_type=66296victim_id=0victim_type66064power=10weapon=4shot=10
killer_id=1killer_type=66296victim_id=0victim_type66064power=6weapon=4shot=12
killer_id=1killer_type=66296victim_id=0victim_type66064power=10weapon=4shot=10
killer_id=1killer_type=66296victim_id=0victim_type66064power=3weapon=4shot=12
killer_id=1killer_type=66296victim_id=0victim_type66064power=10weapon=4shot=10
killer_id=1killer_type=66296victim_id=0victim_type66064power=6weapon=4shot=12
killer_id=1killer_type=66296victim_id=0victim_type66064power=10weapon=4shot=10
killer_id=1killer_type=66296victim_id=0victim_type66064power=6weapon=4shot=12
killer_id=1killer_type=66296victim_id=0victim_type66064power=10weapon=4shot=10
killer_id=1killer_type=66296victim_id=0victim_type66064power=4weapon=4shot=12
<message>Pablo took off (A-10A_THUNDERBOLT2)</message>
<pilotjoin id=66302name=A-10A_THUNDERBOLT2name2=Pabloiff=1>
killer_id=1killer_type=66296victim_id=0victim_type66064power=10weapon=4shot=10
killer_id=1killer_type=66296victim_id=0victim_type66064power=10weapon=4shot=10
killer_id=1killer_type=66296victim_id=0victim_type66064power=10weapon=4shot=10
killer_id=1killer_type=66296victim_id=0victim_type66064power=10weapon=4shot=10
killer_id=1killer_type=66296victim_id=0victim_type66064power=10weapon=4shot=10
killer_id=1killer_type=66296victim_id=0victim_type66064power=10weapon=4shot=10
time <map>AOMORI</map>
time <map>AOMORI</map>
time <weather day=1visibility=20000windX=0windY=0windZ=0time <message>** Log-on process completed **</message>
time <groundjoin id=65720name=AIRCRAFTCARRIERname2=CARRIER_01iff=0groID=0>
time <groundjoin id=65723name=FUEL_TRUCKname2=iff=0groID=0>
time <groundjoin id=65726name=FUEL_TRUCKname2=iff=0groID=0>
time <groundjoin id=65729name=RADARname2=iff=0groID=0>
time <groundjoin id=65732name=RADARBASEname2=iff=0groID=0>
time <groundjoin id=65735name=HANGAR1name2=iff=0groID=0>
time <groundjoin id=65738name=ILSname2=25-HACHINOHEiff=0groID=0>
time <groundjoin id=65741name=ILSname2=07-HACHINOHEiff=0groID=0>
time <groundjoin id=65744name=FUEL_TRUCKname2=iff=0groID=0>
time <groundjoin id=65747name=FUEL_TRUCKname2=iff=0groID=0>
time <groundjoin id=65750name=FUEL_TRUCKname2=iff=0groID=0>
time <groundjoin id=65753name=FUEL_TRUCKname2=iff=0groID=0>
time <groundjoin id=65756name=FUEL_TRUCKname2=iff=0groID=0>
time <groundjoin id=65759name=HANGAR1name2=iff=0groID=0>
time <groundjoin id=65762name=ALERTname2=ALERTHANGAR2iff=0groID=0>
time <groundjoin id=65765name=ALERTname2=ALERTHANGAR1iff=0groID=0>
time <groundjoin id=65768name=HANGAR1name2=MAINHANGAR5iff=0groID=0>
time <groundjoin id=65771name=HANGAR1name2=MAINHANGAR4iff=0groID=0>
time <groundjoin id=65774name=ELEPHANTname2=iff=0groID=0>
time <groundjoin id=65777name=ILSname2=28-MISAWAiff=0groID=0>
time <groundjoin id=65780name=ILSname2=10-MISAWAiff=0groID=0>
time <groundjoin id=65783name=RADARBASEname2=iff=0groID=0>
time <groundjoin id=65786name=RADARname2=iff=0groID=0>
time <groundjoin id=65789name=VORDMEname2=MISAWAiff=0groID=0>
time <groundjoin id=65792name=FUEL_TRUCKname2=iff=0groID=0>
time <groundjoin id=65795name=FUEL_TRUCKname2=iff=0groID=0>
time <groundjoin id=65798name=[KZS]_T-AAAname2=iff=3groID=0>
time <groundjoin id=65801name=[KZS]_T-AAAname2=iff=3groID=0>
time <groundjoin id=65804name=[KZS]_T-AAAname2=iff=3groID=0>
time <groundjoin id=65807name=[KZS]_T-AAAname2=iff=3groID=0>
time <groundjoin id=65810name=[KZS]_T-AAAname2=iff=3groID=0>
time <groundjoin id=65849name=[KZS]_G-AAAname2=iff=3groID=0>
time <groundjoin id=65852name=[KZS]_G-AAAname2=iff=3groID=0>
time <groundjoin id=65855name=[KZS]_G-AAAname2=iff=3groID=0>
time <groundjoin id=65858name=[KZS]_V-AAAname2=iff=3groID=0>
time <groundjoin id=65989name=[KZS]_V-AAAname2=iff=3groID=0>
time <groundjoin id=65992name=[KZS]_V-AAAname2=iff=3groID=0>
time <groundjoin id=65995name=[KZS]_S-AAAname2=iff=3groID=0>
time <groundjoin id=65998name=[KZS]_S-AAAname2=iff=3groID=0>
time <groundjoin id=66001name=[KZS]_S-AAAname2=iff=3groID=0>
time <groundjoin id=66082name=[KZS]_T-BATTLE_SHIPname2=iff=3groID=0>
time <groundjoin id=66085name=[KZS]_T-BATTLE_SHIPname2=iff=3groID=0>
time <groundjoin id=66088name=[KZS]_S-BATTLE_SHIP_Aname2=iff=3groID=0>
time <groundjoin id=66091name=[KZS]_S-BATTLE_SHIP_Aname2=iff=3groID=0>
time <groundjoin id=66094name=[KZS]_S-BATTLE_SHIP_Sname2=iff=3groID=0>
time <groundjoin id=66097name=[KZS]_S-BATTLE_SHIP_Sname2=iff=3groID=0>
time <groundjoin id=66100name=[KZS]_S-BATTLE_SHIP_ASname2=iff=3groID=0>
time <groundjoin id=66103name=[KZS]_S-BATTLE_SHIP_ASname2=iff=3groID=0>
time <groundjoin id=66106name=[KZS]_V-BATTLE_SHIPname2=iff=3groID=0>
time <groundjoin id=66109name=[KZS]_V-BATTLE_SHIPname2=iff=3groID=0>
time <groundjoin id=66112name=[KZS]_V-BATTLE_SHIP_Aname2=iff=3groID=0>
time <groundjoin id=66115name=[KZS]_V-BATTLE_SHIP_Aname2=iff=3groID=0>
time <groundjoin id=66118name=[KZS]_V-BATTLE_SHIP_Sname2=iff=3groID=0>
time <groundjoin id=66121name=[KZS]_V-BATTLE_SHIP_Sname2=iff=3groID=0>
time <groundjoin id=66124name=[KZS]_V-BATTLE_SHIP_ASname2=iff=3groID=0>
time <groundjoin id=66127name=[KZS]_V-BATTLE_SHIP_ASname2=iff=3groID=0>
time <groundjoin id=66130name=NDBname2=OMINATOiff=0groID=0>
time <groundjoin id=66145name=RADARBASEname2=iff=0groID=0>
time <groundjoin id=66148name=RADARname2=iff=0groID=0>
time <groundjoin id=66151name=VORDMEname2=AOMORIiff=0groID=0>
time <groundjoin id=65849name=[KZS]_G-AAAname2=iff=3groID=0>
time <groundjoin id=65723name=FUEL_TRUCKname2=iff=0groID=0>
time <groundjoin id=65726name=FUEL_TRUCKname2=iff=0groID=0>
time <groundjoin id=65729name=RADARname2=iff=0groID=0>
time <groundjoin id=65732name=RADARBASEname2=iff=0groID=0>
time <groundjoin id=65735name=HANGAR1name2=iff=0groID=0>
time <groundjoin id=65738name=ILSname2=25-HACHINOHEiff=0groID=0>
time <groundjoin id=65741name=ILSname2=07-HACHINOHEiff=0groID=0>
time <groundjoin id=65744name=FUEL_TRUCKname2=iff=0groID=0>
time <groundjoin id=65747name=FUEL_TRUCKname2=iff=0groID=0>
time <groundjoin id=65750name=FUEL_TRUCKname2=iff=0groID=0>
time <groundjoin id=65753name=FUEL_TRUCKname2=iff=0groID=0>
time <groundjoin id=65756name=FUEL_TRUCKname2=iff=0groID=0>
time <groundjoin id=65759name=HANGAR1name2=iff=0groID=0>
time <groundjoin id=65762name=ALERTname2=ALERTHANGAR2iff=0groID=0>
time <groundjoin id=65765name=ALERTname2=ALERTHANGAR1iff=0groID=0>
time <groundjoin id=65768name=HANGAR1name2=MAINHANGAR5iff=0groID=0>
time <groundjoin id=65771name=HANGAR1name2=MAINHANGAR4iff=0groID=0>
time <groundjoin id=65774name=ELEPHANTname2=iff=0groID=0>
time <groundjoin id=65777name=ILSname2=28-MISAWAiff=0groID=0>
time <groundjoin id=65780name=ILSname2=10-MISAWAiff=0groID=0>
time <groundjoin id=65783name=RADARBASEname2=iff=0groID=0>
time <groundjoin id=65786name=RADARname2=iff=0groID=0>
time <groundjoin id=65789name=VORDMEname2=MISAWAiff=0groID=0>
time <groundjoin id=65792name=FUEL_TRUCKname2=iff=0groID=0>
time <groundjoin id=65795name=FUEL_TRUCKname2=iff=0groID=0>
time <groundjoin id=65798name=[KZS]_T-AAAname2=iff=3groID=0>
time <groundjoin id=65801name=[KZS]_T-AAAname2=iff=3groID=0>
time <groundjoin id=65804name=[KZS]_T-AAAname2=iff=3groID=0>
time <groundjoin id=65807name=[KZS]_T-AAAname2=iff=3groID=0>
time <groundjoin id=65810name=[KZS]_T-AAAname2=iff=3groID=0>
time <groundjoin id=65852name=[KZS]_G-AAAname2=iff=3groID=0>
time <groundjoin id=65855name=[KZS]_G-AAAname2=iff=3groID=0>
time <groundjoin id=65858name=[KZS]_V-AAAname2=iff=3groID=0>
time <groundjoin id=65989name=[KZS]_V-AAAname2=iff=3groID=0>
time <groundjoin id=65992name=[KZS]_V-AAAname2=iff=3groID=0>
